{"name":"nlptest","classpathEntries":[{"kind":"binary","path":"C:\\Program Files\\Java\\jdk1.8.0_211\\jre\\lib\\resources.jar","javadocContainerUrl":"https://docs.oracle.com/javase/1/docs/api/","isSystem":true,"isOwn":false,"isTest":false,"isJavaContent":false},{"kind":"binary","path":"C:\\Program Files\\Java\\jdk1.8.0_211\\jre\\lib\\rt.jar","javadocContainerUrl":"https://docs.oracle.com/javase/1/docs/api/","isSystem":true,"isOwn":false,"isTest":false,"isJavaContent":false},{"kind":"binary","path":"C:\\Program Files\\Java\\jdk1.8.0_211\\jre\\lib\\jsse.jar","javadocContainerUrl":"https://docs.oracle.com/javase/1/docs/api/","isSystem":true,"isOwn":false,"isTest":false,"isJavaContent":false},{"kind":"binary","path":"C:\\Program Files\\Java\\jdk1.8.0_211\\jre\\lib\\jce.jar","javadocContainerUrl":"https://docs.oracle.com/javase/1/docs/api/","isSystem":true,"isOwn":false,"isTest":false,"isJavaContent":false},{"kind":"binary","path":"C:\\Program Files\\Java\\jdk1.8.0_211\\jre\\lib\\charsets.jar","javadocContainerUrl":"https://docs.oracle.com/javase/1/docs/api/","isSystem":true,"isOwn":false,"isTest":false,"isJavaContent":false},{"kind":"binary","path":"C:\\Program Files\\Java\\jdk1.8.0_211\\jre\\lib\\jfr.jar","javadocContainerUrl":"https://docs.oracle.com/javase/1/docs/api/","isSystem":true,"isOwn":false,"isTest":false,"isJavaContent":false},{"kind":"binary","path":"C:\\Users\\student\\.m2\\repository\\junit\\junit\\3.8.1\\junit-3.8.1.jar","sourceContainerUrl":"file:/C:/Users/student/.m2/repository/junit/junit/3.8.1/junit-3.8.1-sources.jar","isSystem":false,"isOwn":false,"isTest":false,"isJavaContent":false},{"kind":"binary","path":"C:\\Users\\student\\.m2\\repository\\kr\\bydelta\\koalanlp-core_2.12\\1.9.4\\koalanlp-core_2.12-1.9.4.jar","sourceContainerUrl":"file:/C:/Users/student/.m2/repository/kr/bydelta/koalanlp-core_2.12/1.9.4/koalanlp-core_2.12-1.9.4-sources.jar","javadocContainerUrl":"file:/C:/Users/student/.m2/repository/kr/bydelta/koalanlp-core_2.12/1.9.4/koalanlp-core_2.12-1.9.4-javadoc.jar","isSystem":false,"isOwn":false,"isTest":false,"isJavaContent":false},{"kind":"binary","path":"C:\\Users\\student\\.m2\\repository\\org\\scala-lang\\scala-library\\2.12.3\\scala-library-2.12.3.jar","sourceContainerUrl":"file:/C:/Users/student/.m2/repository/org/scala-lang/scala-library/2.12.3/scala-library-2.12.3-sources.jar","javadocContainerUrl":"file:/C:/Users/student/.m2/repository/org/scala-lang/scala-library/2.12.3/scala-library-2.12.3-javadoc.jar","isSystem":false,"isOwn":false,"isTest":false,"isJavaContent":false},{"kind":"binary","path":"C:\\Users\\student\\.m2\\repository\\org\\log4s\\log4s_2.12\\1.3.6\\log4s_2.12-1.3.6.jar","sourceContainerUrl":"file:/C:/Users/student/.m2/repository/org/log4s/log4s_2.12/1.3.6/log4s_2.12-1.3.6-sources.jar","javadocContainerUrl":"file:/C:/Users/student/.m2/repository/org/log4s/log4s_2.12/1.3.6/log4s_2.12-1.3.6-javadoc.jar","isSystem":false,"isOwn":false,"isTest":false,"isJavaContent":false},{"kind":"binary","path":"C:\\Users\\student\\.m2\\repository\\org\\slf4j\\slf4j-api\\1.7.25\\slf4j-api-1.7.25.jar","sourceContainerUrl":"file:/C:/Users/student/.m2/repository/org/slf4j/slf4j-api/1.7.25/slf4j-api-1.7.25-sources.jar","javadocContainerUrl":"file:/C:/Users/student/.m2/repository/org/slf4j/slf4j-api/1.7.25/slf4j-api-1.7.25-javadoc.jar","isSystem":false,"isOwn":false,"isTest":false,"isJavaContent":false},{"kind":"binary","path":"C:\\Users\\student\\.m2\\repository\\kr\\bydelta\\koalanlp-eunjeon_2.12\\1.9.4\\koalanlp-eunjeon_2.12-1.9.4.jar","sourceContainerUrl":"file:/C:/Users/student/.m2/repository/kr/bydelta/koalanlp-eunjeon_2.12/1.9.4/koalanlp-eunjeon_2.12-1.9.4-sources.jar","javadocContainerUrl":"file:/C:/Users/student/.m2/repository/kr/bydelta/koalanlp-eunjeon_2.12/1.9.4/koalanlp-eunjeon_2.12-1.9.4-javadoc.jar","isSystem":false,"isOwn":false,"isTest":false,"isJavaContent":false},{"kind":"binary","path":"C:\\Users\\student\\.m2\\repository\\org\\bitbucket\\eunjeon\\seunjeon_2.12\\1.5.0\\seunjeon_2.12-1.5.0.jar","sourceContainerUrl":"file:/C:/Users/student/.m2/repository/org/bitbucket/eunjeon/seunjeon_2.12/1.5.0/seunjeon_2.12-1.5.0-sources.jar","javadocContainerUrl":"file:/C:/Users/student/.m2/repository/org/bitbucket/eunjeon/seunjeon_2.12/1.5.0/seunjeon_2.12-1.5.0-javadoc.jar","isSystem":false,"isOwn":false,"isTest":false,"isJavaContent":false},{"kind":"binary","path":"C:\\Users\\student\\.m2\\repository\\org\\slf4j\\slf4j-jdk14\\1.7.12\\slf4j-jdk14-1.7.12.jar","sourceContainerUrl":"file:/C:/Users/student/.m2/repository/org/slf4j/slf4j-jdk14/1.7.12/slf4j-jdk14-1.7.12-sources.jar","javadocContainerUrl":"file:/C:/Users/student/.m2/repository/org/slf4j/slf4j-jdk14/1.7.12/slf4j-jdk14-1.7.12-javadoc.jar","isSystem":false,"isOwn":false,"isTest":false,"isJavaContent":false},{"kind":"binary","path":"C:\\Users\\student\\.m2\\repository\\com\\typesafe\\scala-logging\\scala-logging_2.12\\3.5.0\\scala-logging_2.12-3.5.0.jar","sourceContainerUrl":"file:/C:/Users/student/.m2/repository/com/typesafe/scala-logging/scala-logging_2.12/3.5.0/scala-logging_2.12-3.5.0-sources.jar","javadocContainerUrl":"file:/C:/Users/student/.m2/repository/com/typesafe/scala-logging/scala-logging_2.12/3.5.0/scala-logging_2.12-3.5.0-javadoc.jar","isSystem":false,"isOwn":false,"isTest":false,"isJavaContent":false},{"kind":"binary","path":"C:\\Users\\student\\.m2\\repository\\org\\scala-lang\\scala-reflect\\2.12.0\\scala-reflect-2.12.0.jar","sourceContainerUrl":"file:/C:/Users/student/.m2/repository/org/scala-lang/scala-reflect/2.12.0/scala-reflect-2.12.0-sources.jar","javadocContainerUrl":"file:/C:/Users/student/.m2/repository/org/scala-lang/scala-reflect/2.12.0/scala-reflect-2.12.0-javadoc.jar","isSystem":false,"isOwn":false,"isTest":false,"isJavaContent":false},{"kind":"source","path":"C:\\workspace_prj2\\nlptest\\src\\main\\java","outputFolder":"C:\\workspace_prj2\\nlptest\\target\\classes","javadocContainerUrl":"file:/C:/workspace_prj2/nlptest/target/site/apidocs","isSystem":false,"isOwn":true,"isTest":false,"isJavaContent":true},{"kind":"source","path":"C:\\workspace_prj2\\nlptest\\src\\test\\java","outputFolder":"C:\\workspace_prj2\\nlptest\\target\\test-classes","javadocContainerUrl":"file:/C:/workspace_prj2/nlptest/target/site/apidocs","isSystem":false,"isOwn":true,"isTest":true,"isJavaContent":true},{"kind":"source","path":"C:\\workspace_prj2\\nlptest\\src\\main\\resources","outputFolder":"C:\\workspace_prj2\\nlptest\\target\\classes","isSystem":false,"isOwn":true,"isTest":false,"isJavaContent":false},{"kind":"source","path":"C:\\workspace_prj2\\nlptest\\src\\test\\resources","outputFolder":"C:\\workspace_prj2\\nlptest\\target\\test-classes","isSystem":false,"isOwn":true,"isTest":true,"isJavaContent":false},{"kind":"source","path":"C:\\workspace_prj2\\nlptest\\src\\test\\java","outputFolder":"C:\\workspace_prj2\\nlptest\\target\\test-classes","javadocContainerUrl":"file:/C:/workspace_prj2/nlptest/target/site/apidocs","isSystem":false,"isOwn":true,"isTest":false,"isJavaContent":false}]}